cantidad_estaciones,cantidad_servicios,cantidad_transbordos,real,prediccion
8,5,4,NO_RECOMENDADA,NO_RECOMENDADA
4,2,1,RECOMENDADA,RECOMENDADA
11,6,5,NO_RECOMENDADA,NO_RECOMENDADA
7,6,5,NO_RECOMENDADA,NO_RECOMENDADA
8,3,2,RECOMENDADA,RECOMENDADA
6,4,3,RECOMENDADA,NO_RECOMENDADA
7,4,3,RECOMENDADA,NO_RECOMENDADA
5,4,3,NO_RECOMENDADA,NO_RECOMENDADA
9,6,5,RECOMENDADA,NO_RECOMENDADA
9,6,5,NO_RECOMENDADA,NO_RECOMENDADA
7,6,5,NO_RECOMENDADA,NO_RECOMENDADA
8,3,2,RECOMENDADA,RECOMENDADA
8,4,3,RECOMENDADA,NO_RECOMENDADA
5,3,2,RECOMENDADA,NO_RECOMENDADA
4,3,2,RECOMENDADA,RECOMENDADA
5,4,3,NO_RECOMENDADA,NO_RECOMENDADA
5,3,2,NO_RECOMENDADA,NO_RECOMENDADA
7,5,4,NO_RECOMENDADA,NO_RECOMENDADA
4,2,1,NO_RECOMENDADA,RECOMENDADA
6,4,3,NO_RECOMENDADA,NO_RECOMENDADA
11,6,5,RECOMENDADA,NO_RECOMENDADA
6,4,3,RECOMENDADA,NO_RECOMENDADA
4,3,2,NO_RECOMENDADA,RECOMENDADA
5,3,2,NO_RECOMENDADA,NO_RECOMENDADA
9,5,4,RECOMENDADA,NO_RECOMENDADA
7,4,3,NO_RECOMENDADA,NO_RECOMENDADA
4,3,2,NO_RECOMENDADA,RECOMENDADA
5,4,3,NO_RECOMENDADA,NO_RECOMENDADA
5,4,3,RECOMENDADA,NO_RECOMENDADA
4,3,2,RECOMENDADA,RECOMENDADA
9,7,6,NO_RECOMENDADA,NO_RECOMENDADA
7,5,4,NO_RECOMENDADA,NO_RECOMENDADA
9,7,6,NO_RECOMENDADA,NO_RECOMENDADA
5,3,2,NO_RECOMENDADA,NO_RECOMENDADA
9,7,6,NO_RECOMENDADA,NO_RECOMENDADA
8,3,2,RECOMENDADA,RECOMENDADA
9,8,7,NO_RECOMENDADA,NO_RECOMENDADA
5,3,2,NO_RECOMENDADA,NO_RECOMENDADA
5,4,3,RECOMENDADA,NO_RECOMENDADA
8,4,3,RECOMENDADA,NO_RECOMENDADA
6,3,2,NO_RECOMENDADA,NO_RECOMENDADA
6,5,4,NO_RECOMENDADA,NO_RECOMENDADA
9,5,4,RECOMENDADA,NO_RECOMENDADA
8,6,5,NO_RECOMENDADA,NO_RECOMENDADA
10,6,5,NO_RECOMENDADA,NO_RECOMENDADA
8,7,6,NO_RECOMENDADA,NO_RECOMENDADA
6,5,4,NO_RECOMENDADA,NO_RECOMENDADA
8,6,5,NO_RECOMENDADA,NO_RECOMENDADA
6,4,3,RECOMENDADA,NO_RECOMENDADA
5,4,3,RECOMENDADA,NO_RECOMENDADA
5,4,3,NO_RECOMENDADA,NO_RECOMENDADA
5,4,3,NO_RECOMENDADA,NO_RECOMENDADA
5,3,2,NO_RECOMENDADA,NO_RECOMENDADA
8,7,6,NO_RECOMENDADA,NO_RECOMENDADA
9,5,4,NO_RECOMENDADA,NO_RECOMENDADA
5,3,2,RECOMENDADA,NO_RECOMENDADA
6,3,2,NO_RECOMENDADA,NO_RECOMENDADA
6,3,2,NO_RECOMENDADA,NO_RECOMENDADA
6,4,3,NO_RECOMENDADA,NO_RECOMENDADA
7,6,5,NO_RECOMENDADA,NO_RECOMENDADA
5,4,3,RECOMENDADA,NO_RECOMENDADA
8,6,5,NO_RECOMENDADA,NO_RECOMENDADA
5,4,3,NO_RECOMENDADA,NO_RECOMENDADA
10,5,4,NO_RECOMENDADA,NO_RECOMENDADA
6,5,4,NO_RECOMENDADA,NO_RECOMENDADA
9,7,6,NO_RECOMENDADA,NO_RECOMENDADA
4,3,2,NO_RECOMENDADA,RECOMENDADA
9,5,4,NO_RECOMENDADA,NO_RECOMENDADA
6,4,3,NO_RECOMENDADA,NO_RECOMENDADA
6,5,4,NO_RECOMENDADA,NO_RECOMENDADA
8,5,4,NO_RECOMENDADA,NO_RECOMENDADA
8,5,4,NO_RECOMENDADA,NO_RECOMENDADA
7,6,5,NO_RECOMENDADA,NO_RECOMENDADA
7,5,4,NO_RECOMENDADA,NO_RECOMENDADA
5,3,2,NO_RECOMENDADA,NO_RECOMENDADA
8,5,4,RECOMENDADA,NO_RECOMENDADA
5,3,2,NO_RECOMENDADA,NO_RECOMENDADA
4,3,2,RECOMENDADA,RECOMENDADA
4,2,1,RECOMENDADA,RECOMENDADA
9,6,5,NO_RECOMENDADA,NO_RECOMENDADA
5,4,3,NO_RECOMENDADA,NO_RECOMENDADA
8,4,3,NO_RECOMENDADA,NO_RECOMENDADA
12,4,3,RECOMENDADA,NO_RECOMENDADA
7,6,5,NO_RECOMENDADA,NO_RECOMENDADA
4,3,2,RECOMENDADA,RECOMENDADA
4,3,2,RECOMENDADA,RECOMENDADA
6,4,3,NO_RECOMENDADA,NO_RECOMENDADA
5,4,3,NO_RECOMENDADA,NO_RECOMENDADA
11,6,5,RECOMENDADA,NO_RECOMENDADA
7,3,2,RECOMENDADA,NO_RECOMENDADA
7,5,4,NO_RECOMENDADA,NO_RECOMENDADA
11,6,5,RECOMENDADA,NO_RECOMENDADA
6,5,4,NO_RECOMENDADA,NO_RECOMENDADA
10,7,6,NO_RECOMENDADA,NO_RECOMENDADA
9,4,3,NO_RECOMENDADA,NO_RECOMENDADA
7,3,2,RECOMENDADA,NO_RECOMENDADA
8,5,4,RECOMENDADA,NO_RECOMENDADA
5,1,0,RECOMENDADA,RECOMENDADA
9,5,4,NO_RECOMENDADA,NO_RECOMENDADA
6,5,4,NO_RECOMENDADA,NO_RECOMENDADA
10,7,6,NO_RECOMENDADA,NO_RECOMENDADA
7,6,5,NO_RECOMENDADA,NO_RECOMENDADA
5,3,2,NO_RECOMENDADA,NO_RECOMENDADA
8,4,3,RECOMENDADA,NO_RECOMENDADA
6,3,2,NO_RECOMENDADA,NO_RECOMENDADA
10,7,6,NO_RECOMENDADA,NO_RECOMENDADA
8,5,4,NO_RECOMENDADA,NO_RECOMENDADA
7,6,5,NO_RECOMENDADA,NO_RECOMENDADA
13,5,4,NO_RECOMENDADA,NO_RECOMENDADA
5,3,2,NO_RECOMENDADA,NO_RECOMENDADA
4,2,1,RECOMENDADA,RECOMENDADA
8,4,3,NO_RECOMENDADA,NO_RECOMENDADA
6,4,3,NO_RECOMENDADA,NO_RECOMENDADA
7,4,3,NO_RECOMENDADA,NO_RECOMENDADA
