id_ruta,nombre_ruta,servicio,direccion,cantidad_estaciones,cantidad_tramos,distancia_euclidiana,cantidad_servicios,cluster
1,1,1,1,14,13,561.73,1,0
1,1,1,2,14,13,561.73,1,0
2,2,2,1,11,10,274.0,1,0
2,2,2,2,11,10,274.0,1,0
3,3,3,1,5,4,500.57,1,2
3,3,3,2,5,4,500.57,1,2
4,4,4,1,22,21,653.83,1,0
4,4,4,2,22,21,653.83,1,0
5,5,5,1,16,15,443.94,1,0
5,5,5,2,16,15,443.94,1,0
6,6,6,1,2,1,581.42,1,2
6,6,6,2,2,1,581.42,1,2
7,7,7,1,15,14,364.36,1,0
7,7,7,2,15,14,364.36,1,0
8,8,8,1,24,23,720.13,1,0
8,8,8,2,24,23,720.13,1,0
A52,A52,A52,1,9,8,513.6,1,2
A60,A60,A60,1,8,7,631.01,1,2
A61,A61,A61,1,6,5,568.84,1,2
B10,B10,B10,1,13,12,613.15,1,0
B11,B11,B11,1,16,15,949.84,1,1
B12,B12,B12,1,16,15,907.35,1,1
B13,B13,B13,1,16,15,920.78,1,1
B16,B16,B16,1,15,14,873.53,1,1
B18,B18,B18,1,15,14,868.86,1,1
B23,B23,B23,1,15,14,793.11,1,1
B26,B26,B26,1,12,11,745.9,1,1
B27,B27,B27,1,10,9,906.35,1,1
B28,B28,B28,1,12,11,895.48,1,1
B46,B46,B46,1,9,8,941.85,1,1
B50,B50,B50,1,6,5,564.54,1,2
B55,B55,B55,1,15,14,634.16,1,0
B72,B72,B72,1,10,9,933.59,1,1
B74,B74,B74,1,10,9,602.75,1,2
B75,B75,B75,1,17,16,957.44,1,1
C15,C15,C15,1,2,1,782.79,1,2
C17,C17,C17,1,2,1,876.58,1,2
C19,C19,C19,1,13,12,914.6,1,1
C25,C25,C25,1,20,19,1020.88,1,1
C30,C30,C30,1,14,13,901.25,1,1
C50,C50,C50,1,6,5,564.54,1,2
C73,C73,C73,1,7,6,644.91,1,2
D10,D10,D10,1,14,13,613.15,1,0
D20,D20,D20,1,8,7,943.23,1,1
D21,D21,D21,1,11,10,1225.36,1,1
D22,D22,D22,1,7,6,728.79,1,2
D24,D24,D24,1,2,1,581.42,1,2
D55,D55,D55,1,15,14,634.16,1,0
E32,E32,E32,1,12,11,532.28,1,0
E42,E42,E42,1,10,9,603.78,1,2
F19,F19,F19,1,13,12,914.6,1,1
F23,F23,F23,1,8,7,580.28,1,2
F26,F26,F26,1,12,11,745.9,1,1
F28,F28,F28,1,12,11,895.48,1,1
F32,F32,F32,1,12,11,532.28,1,0
F51,F51,F51,1,2,1,478.07,1,2
F60,F60,F60,1,8,7,631.01,1,2
F61,F61,F61,1,6,5,568.84,1,2
G11,G11,G11,1,16,15,949.84,1,1
G12,G12,G12,1,16,15,907.35,1,1
G22,G22,G22,1,7,6,728.79,1,2
G30,G30,G30,1,14,13,901.25,1,1
G41,G41,G41,1,4,3,592.84,1,2
G42,G42,G42,1,10,9,603.78,1,2
G43,G43,G43,1,9,8,656.74,1,2
G45,G45,G45,1,6,5,150.69,1,2
G45,G45,G45,2,6,5,150.69,1,2
G46,G46,G46,1,9,8,941.85,1,1
G47,G47,G47,1,4,3,489.86,1,2
G52,G52,G52,1,9,8,513.6,1,2
H13,H13,H13,1,16,15,920.78,1,1
H15,H15,H15,1,2,1,782.79,1,2
H17,H17,H17,1,2,1,876.58,1,2
H20,H20,H20,1,8,7,943.23,1,1
H21,H21,H21,1,11,10,1225.36,1,1
H27,H27,H27,1,10,9,906.35,1,1
H54,H54,H54,1,11,10,757.42,1,1
H72,H72,H72,1,10,9,933.59,1,1
H75,H75,H75,1,17,16,957.44,1,1
H76,H76,H76,1,2,1,470.34,1,2
H83,H83,H83,1,2,1,460.53,1,2
J23,J23,J23,1,9,8,580.43,1,2
J24,J24,J24,1,2,1,581.42,1,2
J70,J70,J70,1,9,8,791.21,1,1
J73,J73,J73,1,7,6,644.91,1,2
J74,J74,J74,1,10,9,602.75,1,2
J76,J76,J76,1,2,1,470.34,1,2
K10,K10,K10,1,8,7,704.27,1,2
K16,K16,K16,1,16,15,873.53,1,1
K23,K23,K23,1,15,14,793.11,1,1
K43,K43,K43,1,9,8,656.74,1,2
K54,K54,K54,1,11,10,757.42,1,1
L10,L10,L10,1,8,7,704.27,1,2
L18,L18,L18,1,15,14,868.86,1,1
L25,L25,L25,1,20,19,1020.88,1,1
L41,L41,L41,1,4,3,592.84,1,2
M47,M47,M47,1,4,3,489.86,1,2
M51,M51,M51,1,2,1,478.07,1,2
M83,M83,M83,1,2,1,460.53,1,2
