id_recorrido,origen,destino,cantidad_estaciones,cantidad_tramos,cantidad_servicios,cantidad_transbordos,clasificacion
1,99,36,9,8,6,5,RECOMENDADA
2,99,36,9,8,6,5,RECOMENDADA
3,99,36,9,8,6,5,RECOMENDADA
4,99,36,9,8,7,6,NO_RECOMENDADA
5,88,36,6,5,5,4,RECOMENDADA
6,88,36,9,8,6,5,NO_RECOMENDADA
7,88,36,9,8,6,5,NO_RECOMENDADA
8,88,36,9,8,7,6,NO_RECOMENDADA
9,1,95,8,7,4,3,RECOMENDADA
10,1,95,7,6,5,4,NO_RECOMENDADA
11,1,95,7,6,5,4,NO_RECOMENDADA
12,1,95,8,7,5,4,NO_RECOMENDADA
13,45,74,6,5,4,3,RECOMENDADA
14,45,74,6,5,5,4,NO_RECOMENDADA
15,22,17,2,1,1,0,RECOMENDADA
16,22,17,3,2,2,1,NO_RECOMENDADA
17,22,17,3,2,2,1,NO_RECOMENDADA
18,22,17,4,3,2,1,NO_RECOMENDADA
19,115,105,7,6,3,2,RECOMENDADA
20,115,105,9,8,3,2,NO_RECOMENDADA
21,115,105,7,6,5,4,NO_RECOMENDADA
22,18,99,7,6,3,2,RECOMENDADA
23,18,99,7,6,4,3,NO_RECOMENDADA
24,18,99,7,6,4,3,NO_RECOMENDADA
25,18,99,8,7,4,3,NO_RECOMENDADA
26,100,83,8,7,3,2,RECOMENDADA
27,100,83,8,7,4,3,NO_RECOMENDADA
28,100,83,8,7,5,4,NO_RECOMENDADA
29,100,83,9,8,7,6,NO_RECOMENDADA
30,22,145,5,4,3,2,RECOMENDADA
31,22,145,7,6,3,2,NO_RECOMENDADA
32,22,145,9,8,4,3,NO_RECOMENDADA
33,22,145,9,8,5,4,NO_RECOMENDADA
34,125,146,9,8,5,4,RECOMENDADA
35,125,146,9,8,5,4,RECOMENDADA
36,125,146,10,9,6,5,NO_RECOMENDADA
37,125,146,10,9,8,7,NO_RECOMENDADA
38,51,16,5,4,4,3,RECOMENDADA
39,51,16,7,6,6,5,NO_RECOMENDADA
40,51,16,8,7,6,5,NO_RECOMENDADA
41,51,16,8,7,6,5,NO_RECOMENDADA
42,137,65,5,4,4,3,RECOMENDADA
43,137,65,6,5,4,3,NO_RECOMENDADA
44,137,65,10,9,5,4,NO_RECOMENDADA
45,137,65,8,7,7,6,NO_RECOMENDADA
46,1,79,8,7,6,5,RECOMENDADA
47,1,79,9,8,6,5,NO_RECOMENDADA
48,1,79,8,7,7,6,NO_RECOMENDADA
49,1,79,8,7,7,6,NO_RECOMENDADA
50,130,35,7,6,5,4,RECOMENDADA
51,130,35,8,7,5,4,NO_RECOMENDADA
52,130,35,9,8,5,4,NO_RECOMENDADA
53,130,35,8,7,6,5,NO_RECOMENDADA
54,26,87,6,5,4,3,RECOMENDADA
55,26,87,6,5,4,3,RECOMENDADA
56,26,87,7,6,4,3,NO_RECOMENDADA
57,26,87,9,8,7,6,NO_RECOMENDADA
58,64,80,6,5,4,3,RECOMENDADA
59,64,80,8,7,4,3,NO_RECOMENDADA
60,64,80,7,6,5,4,NO_RECOMENDADA
61,64,80,7,6,6,5,NO_RECOMENDADA
62,110,132,8,7,6,5,RECOMENDADA
63,110,132,9,8,6,5,NO_RECOMENDADA
64,110,132,9,8,7,6,NO_RECOMENDADA
65,110,132,10,9,7,6,NO_RECOMENDADA
66,62,92,4,3,2,1,RECOMENDADA
67,62,92,4,3,3,2,NO_RECOMENDADA
68,62,92,5,4,4,3,NO_RECOMENDADA
69,62,92,6,5,5,4,NO_RECOMENDADA
70,85,121,4,3,3,2,RECOMENDADA
71,85,121,6,5,4,3,NO_RECOMENDADA
72,85,121,6,5,5,4,NO_RECOMENDADA
73,85,121,7,6,6,5,NO_RECOMENDADA
74,13,1,5,4,2,1,RECOMENDADA
75,13,1,5,4,3,2,NO_RECOMENDADA
76,13,1,6,5,3,2,NO_RECOMENDADA
77,13,1,6,5,4,3,NO_RECOMENDADA
78,143,37,8,7,4,3,RECOMENDADA
79,143,37,9,8,5,4,NO_RECOMENDADA
80,143,37,10,9,7,6,NO_RECOMENDADA
81,106,52,7,6,5,4,RECOMENDADA
82,106,52,8,7,5,4,NO_RECOMENDADA
83,106,52,8,7,5,4,NO_RECOMENDADA
84,106,52,8,7,5,4,NO_RECOMENDADA
85,66,16,4,3,3,2,RECOMENDADA
86,66,16,5,4,3,2,NO_RECOMENDADA
87,66,16,5,4,3,2,NO_RECOMENDADA
88,66,16,5,4,4,3,NO_RECOMENDADA
89,67,45,4,3,3,2,RECOMENDADA
90,67,45,5,4,3,2,NO_RECOMENDADA
91,67,45,5,4,4,3,NO_RECOMENDADA
92,67,45,6,5,5,4,NO_RECOMENDADA
93,78,63,6,5,3,2,RECOMENDADA
94,78,63,7,6,4,3,NO_RECOMENDADA
95,78,63,7,6,4,3,NO_RECOMENDADA
96,78,63,7,6,5,4,NO_RECOMENDADA
97,67,127,4,3,3,2,RECOMENDADA
98,67,127,6,5,3,2,NO_RECOMENDADA
99,67,127,5,4,4,3,NO_RECOMENDADA
100,67,127,5,4,4,3,NO_RECOMENDADA
101,22,3,5,4,4,3,RECOMENDADA
102,22,3,5,4,4,3,RECOMENDADA
103,22,3,6,5,4,3,NO_RECOMENDADA
104,22,3,6,5,5,4,NO_RECOMENDADA
105,139,76,8,7,6,5,RECOMENDADA
106,139,76,8,7,6,5,RECOMENDADA
107,139,76,8,7,6,5,RECOMENDADA
108,139,76,9,8,6,5,NO_RECOMENDADA
109,61,120,4,3,3,2,RECOMENDADA
110,61,120,4,3,3,2,RECOMENDADA
111,61,120,5,4,3,2,NO_RECOMENDADA
112,61,120,6,5,5,4,NO_RECOMENDADA
113,108,52,9,8,5,4,RECOMENDADA
114,108,52,9,8,5,4,RECOMENDADA
115,108,52,9,8,6,5,NO_RECOMENDADA
116,108,52,10,9,6,5,NO_RECOMENDADA
117,39,37,6,5,3,2,RECOMENDADA
118,39,37,7,6,3,2,NO_RECOMENDADA
119,39,37,7,6,4,3,NO_RECOMENDADA
120,39,37,8,7,4,3,NO_RECOMENDADA
121,93,72,3,2,2,1,RECOMENDADA
122,93,72,4,3,3,2,NO_RECOMENDADA
123,93,72,5,4,4,3,NO_RECOMENDADA
124,51,121,7,6,4,3,RECOMENDADA
125,51,121,6,5,5,4,NO_RECOMENDADA
126,51,121,6,5,5,4,NO_RECOMENDADA
127,51,121,7,6,5,4,NO_RECOMENDADA
128,74,68,3,2,1,0,RECOMENDADA
129,74,68,4,3,2,1,NO_RECOMENDADA
130,74,68,4,3,3,2,NO_RECOMENDADA
131,74,68,4,3,3,2,NO_RECOMENDADA
132,131,74,6,5,5,4,RECOMENDADA
133,131,74,6,5,5,4,RECOMENDADA
134,131,74,7,6,5,4,NO_RECOMENDADA
135,131,74,7,6,6,5,NO_RECOMENDADA
136,43,135,8,7,3,2,RECOMENDADA
137,43,135,9,8,3,2,NO_RECOMENDADA
138,43,135,5,4,4,3,NO_RECOMENDADA
139,43,135,6,5,4,3,NO_RECOMENDADA
140,44,79,7,6,3,2,RECOMENDADA
141,44,79,7,6,4,3,NO_RECOMENDADA
142,44,79,7,6,5,4,NO_RECOMENDADA
143,44,79,8,7,6,5,NO_RECOMENDADA
144,121,82,6,5,4,3,RECOMENDADA
145,121,82,9,8,4,3,NO_RECOMENDADA
146,121,82,6,5,5,4,NO_RECOMENDADA
147,121,82,7,6,5,4,NO_RECOMENDADA
148,16,72,4,3,3,2,RECOMENDADA
149,16,72,4,3,3,2,RECOMENDADA
150,16,72,5,4,4,3,NO_RECOMENDADA
151,16,72,5,4,4,3,NO_RECOMENDADA
152,116,40,8,7,5,4,RECOMENDADA
153,116,40,12,11,5,4,NO_RECOMENDADA
154,116,40,13,12,5,4,NO_RECOMENDADA
155,116,40,11,10,6,5,NO_RECOMENDADA
156,68,45,4,3,3,2,RECOMENDADA
157,68,45,6,5,5,4,NO_RECOMENDADA
158,68,45,7,6,6,5,NO_RECOMENDADA
159,68,45,7,6,6,5,NO_RECOMENDADA
160,69,10,4,3,2,1,RECOMENDADA
161,69,10,6,5,4,3,NO_RECOMENDADA
162,69,10,7,6,4,3,NO_RECOMENDADA
163,69,10,6,5,5,4,NO_RECOMENDADA
164,76,3,8,7,4,3,RECOMENDADA
165,76,3,7,6,5,4,NO_RECOMENDADA
166,76,3,8,7,5,4,NO_RECOMENDADA
167,76,3,7,6,6,5,NO_RECOMENDADA
168,38,105,5,4,4,3,RECOMENDADA
169,38,105,6,5,4,3,NO_RECOMENDADA
170,38,105,8,7,5,4,NO_RECOMENDADA
171,38,50,5,4,4,3,RECOMENDADA
172,38,50,8,7,5,4,NO_RECOMENDADA
173,35,14,5,4,2,1,RECOMENDADA
174,35,14,7,6,3,2,NO_RECOMENDADA
175,35,14,8,7,4,3,NO_RECOMENDADA
176,35,14,9,8,5,4,NO_RECOMENDADA
177,107,103,5,4,1,0,RECOMENDADA
178,107,103,5,4,3,2,NO_RECOMENDADA
179,107,103,6,5,4,3,NO_RECOMENDADA
180,107,103,8,7,7,6,NO_RECOMENDADA
181,10,97,6,5,2,1,RECOMENDADA
182,10,97,6,5,4,3,NO_RECOMENDADA
183,10,97,6,5,4,3,NO_RECOMENDADA
184,10,97,6,5,5,4,NO_RECOMENDADA
185,71,83,4,3,2,1,RECOMENDADA
186,71,83,5,4,2,1,NO_RECOMENDADA
187,71,83,5,4,3,2,NO_RECOMENDADA
188,71,83,6,5,4,3,NO_RECOMENDADA
189,73,135,3,2,2,1,RECOMENDADA
190,73,135,4,3,3,2,NO_RECOMENDADA
191,73,135,5,4,3,2,NO_RECOMENDADA
192,73,135,6,5,4,3,NO_RECOMENDADA
193,105,60,5,4,3,2,RECOMENDADA
194,105,60,5,4,3,2,RECOMENDADA
195,105,60,6,5,4,3,NO_RECOMENDADA
196,105,60,6,5,5,4,NO_RECOMENDADA
197,59,127,4,3,2,1,RECOMENDADA
198,59,127,6,5,2,1,NO_RECOMENDADA
199,59,127,5,4,3,2,NO_RECOMENDADA
200,59,127,7,6,5,4,NO_RECOMENDADA
201,147,93,10,9,6,5,RECOMENDADA
202,147,93,10,9,6,5,RECOMENDADA
203,147,93,9,8,7,6,NO_RECOMENDADA
204,147,93,10,9,7,6,NO_RECOMENDADA
205,83,2,7,6,4,3,RECOMENDADA
206,83,2,6,5,5,4,NO_RECOMENDADA
207,83,2,7,6,5,4,NO_RECOMENDADA
208,83,2,7,6,5,4,NO_RECOMENDADA
209,51,125,7,6,3,2,RECOMENDADA
210,51,125,7,6,4,3,NO_RECOMENDADA
211,51,125,7,6,5,4,NO_RECOMENDADA
212,51,125,8,7,7,6,NO_RECOMENDADA
213,138,20,7,6,4,3,RECOMENDADA
214,138,20,7,6,4,3,RECOMENDADA
215,138,20,7,6,4,3,RECOMENDADA
216,50,81,9,8,6,5,RECOMENDADA
217,50,81,8,7,7,6,NO_RECOMENDADA
218,50,81,9,8,7,6,NO_RECOMENDADA
219,50,81,9,8,7,6,NO_RECOMENDADA
220,24,126,5,4,3,2,RECOMENDADA
221,24,126,6,5,3,2,NO_RECOMENDADA
222,24,126,5,4,4,3,NO_RECOMENDADA
223,24,126,5,4,4,3,NO_RECOMENDADA
224,99,37,8,7,4,3,RECOMENDADA
225,99,37,9,8,4,3,NO_RECOMENDADA
226,99,37,8,7,5,4,NO_RECOMENDADA
227,99,37,10,9,5,4,NO_RECOMENDADA
228,45,121,7,6,4,3,RECOMENDADA
229,45,121,6,5,5,4,NO_RECOMENDADA
230,39,80,5,4,4,3,RECOMENDADA
231,39,80,8,7,5,4,NO_RECOMENDADA
232,39,80,8,7,6,5,NO_RECOMENDADA
233,39,80,8,7,7,6,NO_RECOMENDADA
234,93,115,9,8,6,5,RECOMENDADA
235,93,115,10,9,7,6,NO_RECOMENDADA
236,93,115,12,11,7,6,NO_RECOMENDADA
237,53,79,9,8,5,4,RECOMENDADA
238,53,79,9,8,7,6,NO_RECOMENDADA
239,53,79,9,8,7,6,NO_RECOMENDADA
240,53,79,9,8,8,7,NO_RECOMENDADA
241,138,50,5,4,4,3,RECOMENDADA
242,138,50,9,8,5,4,NO_RECOMENDADA
243,35,110,8,7,3,2,RECOMENDADA
244,35,110,9,8,4,3,NO_RECOMENDADA
245,35,110,9,8,5,4,NO_RECOMENDADA
246,35,110,9,8,6,5,NO_RECOMENDADA
247,144,26,6,5,2,1,RECOMENDADA
248,144,26,5,4,3,2,NO_RECOMENDADA
249,144,26,8,7,4,3,NO_RECOMENDADA
250,144,26,8,7,5,4,NO_RECOMENDADA
251,66,70,3,2,1,0,RECOMENDADA
252,66,70,4,3,2,1,NO_RECOMENDADA
253,66,70,4,3,3,2,NO_RECOMENDADA
254,66,70,4,3,3,2,NO_RECOMENDADA
255,96,16,4,3,2,1,RECOMENDADA
256,96,16,5,4,2,1,NO_RECOMENDADA
257,96,16,5,4,3,2,NO_RECOMENDADA
258,96,16,5,4,4,3,NO_RECOMENDADA
259,26,70,5,4,4,3,RECOMENDADA
260,26,70,5,4,4,3,RECOMENDADA
261,26,70,6,5,4,3,NO_RECOMENDADA
262,26,70,6,5,5,4,NO_RECOMENDADA
263,142,56,11,10,6,5,RECOMENDADA
264,142,56,9,8,7,6,NO_RECOMENDADA
265,142,56,9,8,7,6,NO_RECOMENDADA
266,142,56,11,10,8,7,NO_RECOMENDADA
267,16,14,2,1,1,0,RECOMENDADA
268,16,14,3,2,1,0,NO_RECOMENDADA
269,16,14,3,2,2,1,NO_RECOMENDADA
270,34,123,5,4,4,3,RECOMENDADA
271,34,123,10,9,4,3,NO_RECOMENDADA
272,34,123,6,5,5,4,NO_RECOMENDADA
273,34,123,11,10,6,5,NO_RECOMENDADA
274,17,116,7,6,4,3,RECOMENDADA
275,17,116,9,8,4,3,NO_RECOMENDADA
276,17,116,7,6,5,4,NO_RECOMENDADA
277,17,116,7,6,5,4,NO_RECOMENDADA
278,131,110,8,7,6,5,RECOMENDADA
279,131,110,10,9,6,5,NO_RECOMENDADA
280,131,110,9,8,7,6,NO_RECOMENDADA
281,131,110,9,8,7,6,NO_RECOMENDADA
282,51,129,6,5,5,4,RECOMENDADA
283,51,129,8,7,5,4,NO_RECOMENDADA
284,51,129,8,7,6,5,NO_RECOMENDADA
285,51,129,8,7,7,6,NO_RECOMENDADA
286,4,33,4,3,3,2,RECOMENDADA
287,4,33,5,4,3,2,NO_RECOMENDADA
288,4,33,6,5,4,3,NO_RECOMENDADA
289,4,33,7,6,5,4,NO_RECOMENDADA
290,71,53,6,5,3,2,RECOMENDADA
291,71,53,6,5,4,3,NO_RECOMENDADA
292,71,53,7,6,5,4,NO_RECOMENDADA
293,71,53,7,6,6,5,NO_RECOMENDADA
294,33,14,5,4,3,2,RECOMENDADA
295,33,14,5,4,3,2,RECOMENDADA
296,33,14,6,5,5,4,NO_RECOMENDADA
297,33,14,8,7,5,4,NO_RECOMENDADA
298,13,130,5,4,2,1,RECOMENDADA
299,13,130,5,4,3,2,NO_RECOMENDADA
300,13,130,5,4,4,3,NO_RECOMENDADA
301,13,130,6,5,5,4,NO_RECOMENDADA
302,117,59,4,3,3,2,RECOMENDADA
303,117,59,5,4,3,2,NO_RECOMENDADA
304,117,59,7,6,5,4,NO_RECOMENDADA
305,20,71,5,4,2,1,RECOMENDADA
306,20,71,4,3,3,2,NO_RECOMENDADA
307,20,71,5,4,3,2,NO_RECOMENDADA
308,20,71,6,5,5,4,NO_RECOMENDADA
309,89,3,8,7,3,2,RECOMENDADA
310,89,3,7,6,4,3,NO_RECOMENDADA
311,89,3,11,10,5,4,NO_RECOMENDADA
312,89,3,7,6,6,5,NO_RECOMENDADA
313,74,60,5,4,1,0,RECOMENDADA
314,74,60,5,4,4,3,NO_RECOMENDADA
315,74,60,7,6,4,3,NO_RECOMENDADA
316,74,60,6,5,5,4,NO_RECOMENDADA
317,80,18,5,4,4,3,RECOMENDADA
318,80,18,6,5,4,3,NO_RECOMENDADA
319,80,18,6,5,4,3,NO_RECOMENDADA
320,80,18,7,6,6,5,NO_RECOMENDADA
321,144,140,5,4,1,0,RECOMENDADA
322,144,140,4,3,2,1,NO_RECOMENDADA
323,144,140,5,4,3,2,NO_RECOMENDADA
324,144,140,9,8,4,3,NO_RECOMENDADA
325,1,112,11,10,6,5,RECOMENDADA
326,1,112,11,10,7,6,NO_RECOMENDADA
327,1,112,13,12,9,8,NO_RECOMENDADA
328,1,112,13,12,11,10,NO_RECOMENDADA
329,47,79,7,6,4,3,RECOMENDADA
330,47,79,7,6,5,4,NO_RECOMENDADA
331,47,79,8,7,6,5,NO_RECOMENDADA
332,47,79,8,7,7,6,NO_RECOMENDADA
333,121,65,4,3,2,1,RECOMENDADA
334,121,65,5,4,4,3,NO_RECOMENDADA
335,121,65,5,4,4,3,NO_RECOMENDADA
336,121,65,6,5,5,4,NO_RECOMENDADA
337,79,114,11,10,6,5,RECOMENDADA
338,79,114,11,10,7,6,NO_RECOMENDADA
339,79,114,11,10,8,7,NO_RECOMENDADA
340,79,114,12,11,9,8,NO_RECOMENDADA
341,26,120,4,3,3,2,RECOMENDADA
342,26,120,5,4,3,2,NO_RECOMENDADA
343,26,120,5,4,3,2,NO_RECOMENDADA
344,26,120,5,4,4,3,NO_RECOMENDADA
345,73,52,8,7,5,4,RECOMENDADA
346,73,52,8,7,5,4,RECOMENDADA
347,73,52,8,7,6,5,NO_RECOMENDADA
348,73,52,8,7,6,5,NO_RECOMENDADA
349,107,84,4,3,3,2,RECOMENDADA
350,107,84,5,4,4,3,NO_RECOMENDADA
351,107,84,6,5,5,4,NO_RECOMENDADA
352,107,84,8,7,6,5,NO_RECOMENDADA
353,17,93,4,3,2,1,RECOMENDADA
354,17,93,4,3,3,2,NO_RECOMENDADA
355,17,93,5,4,3,2,NO_RECOMENDADA
356,82,73,4,3,2,1,RECOMENDADA
357,82,73,5,4,2,1,NO_RECOMENDADA
358,82,73,4,3,3,2,NO_RECOMENDADA
359,82,73,4,3,3,2,NO_RECOMENDADA
360,57,83,8,7,4,3,RECOMENDADA
361,57,83,8,7,5,4,NO_RECOMENDADA
362,57,83,8,7,5,4,NO_RECOMENDADA
363,57,83,9,8,7,6,NO_RECOMENDADA
364,100,63,8,7,3,2,RECOMENDADA
365,100,63,5,4,4,3,NO_RECOMENDADA
366,100,63,8,7,4,3,NO_RECOMENDADA
367,100,63,7,6,5,4,NO_RECOMENDADA
368,20,73,3,2,2,1,RECOMENDADA
369,20,73,6,5,4,3,NO_RECOMENDADA
370,20,73,6,5,4,3,NO_RECOMENDADA
371,20,73,6,5,5,4,NO_RECOMENDADA
372,43,102,4,3,3,2,RECOMENDADA
373,43,102,6,5,5,4,NO_RECOMENDADA
374,43,102,11,10,6,5,NO_RECOMENDADA
375,43,102,12,11,7,6,NO_RECOMENDADA
376,138,65,8,7,4,3,RECOMENDADA
377,138,65,6,5,5,4,NO_RECOMENDADA
378,138,65,9,8,5,4,NO_RECOMENDADA
379,83,129,7,6,6,5,RECOMENDADA
380,83,129,7,6,6,5,RECOMENDADA
381,83,129,8,7,6,5,NO_RECOMENDADA
382,83,129,9,8,6,5,NO_RECOMENDADA
383,33,110,8,7,4,3,RECOMENDADA
384,33,110,8,7,5,4,NO_RECOMENDADA
385,33,110,7,6,6,5,NO_RECOMENDADA
386,33,110,8,7,6,5,NO_RECOMENDADA
387,143,79,8,7,5,4,RECOMENDADA
388,143,79,9,8,6,5,NO_RECOMENDADA
389,143,79,9,8,7,6,NO_RECOMENDADA
390,143,79,10,9,7,6,NO_RECOMENDADA
391,69,20,4,3,3,2,RECOMENDADA
392,69,20,4,3,3,2,RECOMENDADA
393,69,20,6,5,3,2,NO_RECOMENDADA
394,69,20,6,5,3,2,NO_RECOMENDADA
395,58,20,5,4,4,3,RECOMENDADA
396,58,20,6,5,4,3,NO_RECOMENDADA
397,58,20,7,6,4,3,NO_RECOMENDADA
398,58,20,7,6,5,4,NO_RECOMENDADA
399,118,132,6,5,4,3,RECOMENDADA
400,118,132,8,7,5,4,NO_RECOMENDADA
401,100,38,7,6,6,5,RECOMENDADA
402,100,38,9,8,6,5,NO_RECOMENDADA
403,100,38,8,7,7,6,NO_RECOMENDADA
404,100,38,10,9,7,6,NO_RECOMENDADA
405,81,67,6,5,4,3,RECOMENDADA
406,81,67,6,5,4,3,RECOMENDADA
407,101,79,8,7,4,3,RECOMENDADA
408,101,79,9,8,4,3,NO_RECOMENDADA
409,101,79,9,8,5,4,NO_RECOMENDADA
410,101,79,9,8,5,4,NO_RECOMENDADA
411,38,8,7,6,4,3,RECOMENDADA
412,38,8,7,6,5,4,NO_RECOMENDADA
413,22,54,5,4,4,3,RECOMENDADA
414,22,54,5,4,4,3,RECOMENDADA
415,22,54,6,5,5,4,NO_RECOMENDADA
416,22,54,7,6,5,4,NO_RECOMENDADA
417,79,143,8,7,5,4,RECOMENDADA
418,79,143,9,8,5,4,NO_RECOMENDADA
419,79,143,8,7,6,5,NO_RECOMENDADA
420,79,143,9,8,6,5,NO_RECOMENDADA
421,115,17,9,8,4,3,RECOMENDADA
422,115,17,10,9,4,3,NO_RECOMENDADA
423,115,17,9,8,5,4,NO_RECOMENDADA
424,115,17,8,7,6,5,NO_RECOMENDADA
425,143,8,8,7,5,4,RECOMENDADA
426,143,8,9,8,6,5,NO_RECOMENDADA
427,143,8,11,10,8,7,NO_RECOMENDADA
428,143,8,11,10,8,7,NO_RECOMENDADA
429,15,33,4,3,3,2,RECOMENDADA
430,15,33,5,4,3,2,NO_RECOMENDADA
431,15,33,5,4,3,2,NO_RECOMENDADA
432,15,33,5,4,3,2,NO_RECOMENDADA
433,115,108,6,5,2,1,RECOMENDADA
434,115,108,6,5,3,2,NO_RECOMENDADA
435,69,86,6,5,2,1,RECOMENDADA
436,69,86,5,4,3,2,NO_RECOMENDADA
437,69,86,6,5,3,2,NO_RECOMENDADA
438,69,86,7,6,6,5,NO_RECOMENDADA
439,18,111,7,6,4,3,RECOMENDADA
440,18,111,7,6,5,4,NO_RECOMENDADA
441,18,111,8,7,7,6,NO_RECOMENDADA
442,18,111,9,8,7,6,NO_RECOMENDADA
443,74,12,5,4,3,2,RECOMENDADA
444,74,12,5,4,3,2,RECOMENDADA
445,74,12,5,4,3,2,RECOMENDADA
446,74,12,6,5,4,3,NO_RECOMENDADA
447,90,72,3,2,2,1,RECOMENDADA
448,90,72,4,3,3,2,NO_RECOMENDADA
449,90,72,6,5,4,3,NO_RECOMENDADA
450,90,72,6,5,5,4,NO_RECOMENDADA
451,34,104,8,7,3,2,RECOMENDADA
452,34,104,6,5,4,3,NO_RECOMENDADA
453,34,104,8,7,4,3,NO_RECOMENDADA
454,34,104,6,5,5,4,NO_RECOMENDADA
455,103,121,4,3,3,2,RECOMENDADA
456,103,121,4,3,3,2,RECOMENDADA
457,103,121,7,6,5,4,NO_RECOMENDADA
458,103,121,10,9,5,4,NO_RECOMENDADA
459,114,130,9,8,6,5,RECOMENDADA
460,114,130,10,9,6,5,NO_RECOMENDADA
461,114,130,9,8,7,6,NO_RECOMENDADA
462,114,130,12,11,8,7,NO_RECOMENDADA
463,6,69,5,4,3,2,RECOMENDADA
464,6,69,5,4,3,2,RECOMENDADA
465,6,69,5,4,4,3,NO_RECOMENDADA
466,6,69,7,6,5,4,NO_RECOMENDADA
467,43,88,12,11,4,3,RECOMENDADA
468,43,88,7,6,5,4,NO_RECOMENDADA
469,43,88,10,9,5,4,NO_RECOMENDADA
470,43,88,7,6,6,5,NO_RECOMENDADA
471,130,93,6,5,3,2,RECOMENDADA
472,130,93,6,5,4,3,NO_RECOMENDADA
473,130,93,9,8,7,6,NO_RECOMENDADA
474,20,13,4,3,2,1,RECOMENDADA
475,20,13,4,3,3,2,NO_RECOMENDADA
476,20,13,4,3,3,2,NO_RECOMENDADA
477,20,13,5,4,4,3,NO_RECOMENDADA
478,117,138,7,6,5,4,RECOMENDADA
479,117,138,10,9,5,4,NO_RECOMENDADA
480,117,138,10,9,5,4,NO_RECOMENDADA
481,117,138,8,7,6,5,NO_RECOMENDADA
482,22,65,4,3,3,2,RECOMENDADA
483,22,65,5,4,4,3,NO_RECOMENDADA
484,22,65,5,4,4,3,NO_RECOMENDADA
485,22,65,5,4,4,3,NO_RECOMENDADA
486,41,109,10,9,3,2,RECOMENDADA
487,41,109,6,5,4,3,NO_RECOMENDADA
488,41,109,9,8,4,3,NO_RECOMENDADA
489,41,109,7,6,5,4,NO_RECOMENDADA
490,15,35,4,3,2,1,RECOMENDADA
491,15,35,5,4,3,2,NO_RECOMENDADA
492,15,35,7,6,3,2,NO_RECOMENDADA
493,15,35,7,6,4,3,NO_RECOMENDADA
494,50,66,5,4,2,1,RECOMENDADA
495,50,66,5,4,2,1,RECOMENDADA
496,50,66,5,4,4,3,NO_RECOMENDADA
497,50,66,5,4,4,3,NO_RECOMENDADA
498,128,40,7,6,5,4,RECOMENDADA
499,128,40,8,7,5,4,NO_RECOMENDADA
500,128,40,9,8,6,5,NO_RECOMENDADA
501,128,40,9,8,6,5,NO_RECOMENDADA
502,59,87,8,7,5,4,RECOMENDADA
503,59,87,9,8,5,4,NO_RECOMENDADA
504,59,87,8,7,6,5,NO_RECOMENDADA
505,59,87,9,8,6,5,NO_RECOMENDADA
506,36,30,3,2,2,1,RECOMENDADA
507,36,30,4,3,2,1,NO_RECOMENDADA
508,42,135,8,7,3,2,RECOMENDADA
509,42,135,6,5,5,4,NO_RECOMENDADA
510,42,135,7,6,5,4,NO_RECOMENDADA
511,53,110,9,8,5,4,RECOMENDADA
512,53,110,10,9,5,4,NO_RECOMENDADA
513,53,110,8,7,6,5,NO_RECOMENDADA
514,53,110,9,8,7,6,NO_RECOMENDADA
515,79,129,8,7,5,4,RECOMENDADA
516,79,129,7,6,6,5,NO_RECOMENDADA
517,79,129,8,7,6,5,NO_RECOMENDADA
518,79,129,8,7,7,6,NO_RECOMENDADA
519,121,10,4,3,3,2,RECOMENDADA
520,121,10,5,4,3,2,NO_RECOMENDADA
521,121,10,6,5,5,4,NO_RECOMENDADA
522,121,10,7,6,5,4,NO_RECOMENDADA
523,84,64,8,7,3,2,RECOMENDADA
524,84,64,5,4,4,3,NO_RECOMENDADA
525,84,64,6,5,4,3,NO_RECOMENDADA
526,84,64,6,5,5,4,NO_RECOMENDADA
527,65,93,5,4,3,2,RECOMENDADA
528,65,93,6,5,4,3,NO_RECOMENDADA
529,65,93,7,6,4,3,NO_RECOMENDADA
530,65,93,6,5,5,4,NO_RECOMENDADA
531,87,124,7,6,4,3,RECOMENDADA
532,87,124,8,7,4,3,NO_RECOMENDADA
533,87,124,8,7,5,4,NO_RECOMENDADA
534,87,124,9,8,5,4,NO_RECOMENDADA
535,67,2,5,4,4,3,RECOMENDADA
536,67,2,6,5,4,3,NO_RECOMENDADA
537,67,2,6,5,4,3,NO_RECOMENDADA
538,67,2,7,6,6,5,NO_RECOMENDADA
539,61,50,4,3,2,1,RECOMENDADA
540,61,50,5,4,3,2,NO_RECOMENDADA
541,61,50,5,4,4,3,NO_RECOMENDADA
542,61,50,5,4,4,3,NO_RECOMENDADA
543,26,28,3,2,2,1,RECOMENDADA
544,26,28,3,2,2,1,RECOMENDADA
545,26,28,4,3,3,2,NO_RECOMENDADA
546,26,28,4,3,3,2,NO_RECOMENDADA
547,79,122,6,5,3,2,RECOMENDADA
548,79,122,5,4,4,3,NO_RECOMENDADA
549,79,122,6,5,4,3,NO_RECOMENDADA
550,79,122,8,7,6,5,NO_RECOMENDADA
551,65,141,5,4,3,2,RECOMENDADA
552,65,141,6,5,4,3,NO_RECOMENDADA
553,65,141,6,5,4,3,NO_RECOMENDADA
554,65,141,7,6,5,4,NO_RECOMENDADA
555,139,5,9,8,5,4,RECOMENDADA
556,139,5,9,8,5,4,RECOMENDADA
557,139,5,9,8,5,4,RECOMENDADA
558,139,5,10,9,7,6,NO_RECOMENDADA
559,88,143,7,6,5,4,RECOMENDADA
560,88,143,10,9,6,5,NO_RECOMENDADA
561,88,143,10,9,6,5,NO_RECOMENDADA
562,88,143,11,10,7,6,NO_RECOMENDADA
563,9,33,4,3,2,1,RECOMENDADA
564,9,33,6,5,3,2,NO_RECOMENDADA
565,9,33,6,5,3,2,NO_RECOMENDADA
566,9,33,6,5,3,2,NO_RECOMENDADA
